fecha,mes,tempMaxC,tempMinC,humedad,presión (mBar),VelDeVientoMax (kph),Precip (cm),nubes,eventos,VientoDir
"Jan 1, 2014",1,27.2,20.6,58,1013,27.2,0,2,,95
"Jan 2, 2014",1,27.2,20,64,1013,35.2,0,3,,93
"Jan 3, 2014",1,28.9,18.9,54,1012,32,0,2,,90
"Jan 4, 2014",1,30,18.3,59,1013,25.6,0,2,,115
"Jan 5, 2014",1,27.8,19.4,63,1013,38.4,0,2,,78
"Jan 6, 2014",1,28.3,19.4,56,1014,25.6,0,3,,80
"Jan 7, 2014",1,27.2,17.8,61,1015,25.6,0,5,,85
"Jan 8, 2014",1,30,17.2,60,1015,28.8,0,2,,107
"Jan 9, 2014",1,27.8,18.9,61,1015,24,0,5,,96
"Jan 10, 2014",1,27.8,18.9,56,1014,40,0,2,,86
"Jan 11, 2014",1,27.2,16.7,58,1015,28.8,0,1,,92
"Jan 12, 2014",1,27.2,18.9,59,1015,36.8,0,1,,84
"Jan 13, 2014",1,28.3,19.4,56,1014,25.6,0,1,,92
"Jan 14, 2014",1,28.9,19.4,57,1014,38.4,0,2,,91
"Jan 15, 2014",1,28.9,17.2,50,1014,27.2,0,1,,87
"Jan 16, 2014",1,27.8,18.9,58,1013,28.8,0,1,,88
"Jan 17, 2014",1,28.9,18.9,62,1013,43.2,0,4,Lluvia,92
"Jan 18, 2014",1,27.2,19.4,56,1014,32,0,2,,95
"Jan 19, 2014",1,28.3,19.4,60,1016,27.2,0,1,,94
"Jan 20, 2014",1,30,19.4,65,1015,43.2,0.025,4,Lluvia,97
"Jan 21, 2014",1,25,18.3,64,1015,25.6,0,6,Lluvia,88
"Jan 22, 2014",1,27.2,18.9,58,1015,32,0,3,,92
"Jan 23, 2014",1,27.2,18.3,51,1015,27.2,0,1,,91
"Jan 24, 2014",1,28.3,17.2,53,1015,27.2,0,1,,93
"Jan 25, 2014",1,27.8,17.2,53,1016,27.2,0,4,,97
"Jan 26, 2014",1,28.9,18.3,49,1014,24,0,1,,99
"Jan 27, 2014",1,29.4,17.8,53,1013,22.4,0,1,,102
"Jan 28, 2014",1,30,18.3,52,1014,27.2,0,2,,103
"Jan 29, 2014",1,28.9,16.7,54,1014,38.4,0,1,,93
"Jan 30, 2014",1,27.8,17.2,55,1014,44.8,0,2,,91
"Jan 31, 2014",1,27.8,16.7,50,1013,32,0,2,,95
"Feb 1, 2014",2,28.3,16.1,49,1013,22.4,0,2,,91
"Feb 2, 2014",2,30,17.8,58,1013,27.2,0,3,,93
"Feb 3, 2014",2,28.9,18.3,58,1014,22.4,0,4,,100
"Feb 4, 2014",2,29.4,17.2,54,1014,,0,3,,100
"Feb 5, 2014",2,28.9,18.9,57,1014,35.2,0,2,,98
"Feb 6, 2014",2,28.3,18.3,49,1015,25.6,0,5,,95
"Feb 7, 2014",2,28.3,17.8,53,1014,36.8,0,2,,99
"Feb 8, 2014",2,28.9,17.2,57,1014,44.8,0,3,,98
"Feb 9, 2014",2,28.3,18.9,55,1014,32,0,2,,101
"Feb 10, 2014",2,30,18.9,55,1013,28.8,0,1,,100
"Feb 11, 2014",2,28.9,20,58,1013,25.6,0,2,,97
"Feb 12, 2014",2,30,20,53,1013,27.2,0,4,,98
"Feb 13, 2014",2,31.7,17.2,52,1014,38.4,0,2,,81
"Feb 14, 2014",2,30,16.7,54,1015,27.2,0,3,,86
"Feb 15, 2014",2,30,20,52,1015,38.4,0,3,,82
"Feb 16, 2014",2,29.4,20,49,1015,33.6,0,1,,84
"Feb 17, 2014",2,27.8,18.9,49,1014,51.2,0,1,,84
"Feb 18, 2014",2,27.8,17.8,52,1014,46.4,0,1,,97
"Feb 19, 2014",2,28.3,18.3,49,1013,28.8,0,1,,101
"Feb 20, 2014",2,30,15,44,1013,27.2,0,1,,95
"Feb 21, 2014",2,30.6,15.6,45,1013,20.8,0,1,,96
"Feb 22, 2014",2,30.6,17.8,49,1014,32,0,2,,99
"Feb 23, 2014",2,27.8,18.9,54,1014,40,0,1,,103
"Feb 24, 2014",2,30,18.3,52,1014,32,0,2,,100
"Feb 25, 2014",2,29.4,18.3,51,1014,41.6,0,2,,98
"Feb 26, 2014",2,31.1,18.3,53,1013,20.8,0,4,,98
"Feb 27, 2014",2,31.7,16.7,55,1014,22.4,0,3,,102
"Feb 28, 2014",2,30,18.3,64,1016,20.8,0,5,,167
"Mar 1, 2014",3,30.6,16.7,51,1016,36.8,0,1,,88
"Mar 2, 2014",3,30.6,18.3,50,1014,40,0,2,,92
"Mar 3, 2014",3,27.8,18.9,57,1014,27.2,0,4,,101
"Mar 4, 2014",3,30,17.8,56,1014,28.8,0.102,5,,117
"Mar 5, 2014",3,30.6,17.2,58,1015,22.4,0,3,,119
"Mar 6, 2014",3,30,17.8,63,1015,28.8,0.508,4,Lluvia-Tronada,157
"Mar 7, 2014",3,30,16.7,61,1015,33.6,0,1,,98
"Mar 8, 2014",3,30,17.2,55,1016,25.6,0.102,6,Neblina-Lluvia,112
"Mar 9, 2014",3,30,18.3,57,1017,25.6,0.051,3,Lluvia,102
"Mar 10, 2014",3,29.4,18.9,54,1016,41.6,0.076,3,,88
"Mar 11, 2014",3,30.6,17.2,55,1014,28.8,0,3,,109
"Mar 12, 2014",3,31.7,16.1,54,1013,33.6,0,3,,95
"Mar 13, 2014",3,30,16.7,47,1014,,0,1,,85
"Mar 14, 2014",3,28.9,18.9,51,1015,25.6,0,3,,98
"Mar 15, 2014",3,30.6,18.3,50,1014,24,0,2,,102
"Mar 16, 2014",3,30.6,17.2,54,1012,25.6,0,3,,114
"Mar 17, 2014",3,31.1,17.8,60,1012,33.6,0,4,,208
"Mar 18, 2014",3,31.1,17.8,54,1013,20.8,0,2,,82
"Mar 19, 2014",3,30,18.9,53,1013,28.8,0,2,,87
"Mar 20, 2014",3,28.9,19.4,54,1013,41.6,0,1,,96
"Mar 21, 2014",3,28.9,20,49,1014,35.2,0,1,,90
"Mar 22, 2014",3,30.6,18.3,49,1015,22.4,0,1,,103
"Mar 23, 2014",3,29.4,18.9,56,1015,41.6,0,1,,100
"Mar 24, 2014",3,28.9,19.4,57,1015,33.6,0,4,,91
"Mar 25, 2014",3,32.2,16.7,56,1015,22.4,0,2,,109
"Mar 26, 2014",3,30,18.3,48,1016,38.4,0,5,,83
"Mar 27, 2014",3,30.6,20,45,1015,54.4,0,2,,75
"Mar 28, 2014",3,30,18.9,50,1014,28.8,0,1,,96
"Mar 29, 2014",3,31.7,16.7,53,1014,24,0,1,,89
"Mar 30, 2014",3,30.6,19.4,54,1015,48,0,1,,92
"Mar 31, 2014",3,30.6,18.9,46,1015,43.2,0,1,,92
"Apr 1, 2014",4,32.2,18.3,42,1014,44.8,0,1,,101
"Apr 2, 2014",4,30.6,18.9,47,1015,25.6,0,2,,97
"Apr 3, 2014",4,30.6,20,52,1014,28.8,0,4,,99
"Apr 4, 2014",4,31.1,18.9,57,1014,24,0,2,,88
"Apr 5, 2014",4,31.7,20,55,1013,28.8,0,3,,93
"Apr 6, 2014",4,31.1,20,60,1013,,0,5,,98
"Apr 7, 2014",4,32.2,18.9,65,1014,20.8,0,3,Lluvia,104
"Apr 8, 2014",4,32.2,18.9,54,1014,20.8,0,3,,80
"Apr 9, 2014",4,29.4,21.1,52,1015,46.4,0,2,,75
"Apr 10, 2014",4,28.9,21.1,52,1015,28.8,0,3,,84
"Apr 11, 2014",4,28.9,20.6,56,1014,46.4,0,2,,97
"Apr 12, 2014",4,29.4,20,53,1013,32,0,2,,92
"Apr 13, 2014",4,31.1,18.3,53,1013,28.8,0,4,,89
"Apr 14, 2014",4,30,20,62,1013,16,0,5,,97
"Apr 15, 2014",4,28.9,20.6,70,1014,19.2,0,7,Neblina-Lluvia-Tronada,88
"Apr 16, 2014",4,28.3,21.1,52,1013,28.8,0,7,,81
"Apr 17, 2014",4,31.1,20.6,53,1013,32,0,4,,96
"Apr 18, 2014",4,31.7,20,56,1013,28.8,0,3,,89
"Apr 19, 2014",4,30.6,20,53,1014,36.8,0,1,,96
"Apr 20, 2014",4,30,20,58,1015,25.6,0,4,,95
"Apr 21, 2014",4,29.4,21.1,58,1014,32,0,4,,96
"Apr 22, 2014",4,28.9,20,60,1014,28.8,0,5,Lluvia,97
"Apr 23, 2014",4,31.1,20,52,1014,20.8,0,6,Lluvia,88
"Apr 24, 2014",4,36.1,20.6,62,1014,22.4,0,6,Neblina,124
"Apr 25, 2014",4,31.7,19.4,58,1014,25.6,0,3,Lluvia,75
"Apr 26, 2014",4,30.6,20,73,1014,20.8,1.397,7,Neblina-Lluvia-Tronada,61
"Apr 27, 2014",4,29.4,19.4,71,1014,,0.102,6,,85
"Apr 28, 2014",4,31.1,18.3,79,1013,22.4,1.092,6,Neblina-Lluvia-Tronada,107
"Apr 29, 2014",4,30,20,80,1013,20.8,0.406,6,Neblina-Lluvia-Tronada,191
"Apr 30, 2014",4,30,18.9,77,1014,22.4,0.406,5,Neblina-Lluvia-Tronada,71
"May 1, 2014",5,28.9,19.4,73,1014,22.4,0,6,Neblina-Lluvia-Tronada,65
"May 2, 2014",5,29.4,18.9,73,1014,22.4,0.203,6,Neblina-Lluvia-Tronada,68
"May 3, 2014",5,30,17.2,72,1016,25.6,0,4,Neblina,116
"May 4, 2014",5,31.7,17.2,59,1016,27.2,0,3,Lluvia,96
"May 5, 2014",5,28.9,17.8,64,1015,32,0,2,,83
"May 6, 2014",5,30.6,17.2,67,1015,28.8,0.406,5,Neblina-Lluvia-Tronada,204
"May 7, 2014",5,28.3,19.4,80,1016,20.8,3.988,6,Neblina-Lluvia-Tronada,193
"May 8, 2014",5,28.9,18.3,77,1017,36.8,4.089,5,Lluvia-Tronada,158
"May 9, 2014",5,28.3,17.8,79,1016,,0.406,6,Neblina-Lluvia,269
"May 10, 2014",5,27.8,18.3,83,1016,25.6,4.699,6,Neblina-Lluvia,229
"May 11, 2014",5,27.2,19.4,77,1014,27.2,0.711,6,Neblina-Lluvia-Tronada,66
"May 12, 2014",5,28.3,18.9,72,1013,19.2,0.711,4,Lluvia-Tronada,80
"May 13, 2014",5,26.7,17.8,67,1013,19.2,0,4,,86
"May 14, 2014",5,27.8,18.9,68,1014,22.4,0,6,,97
"May 15, 2014",5,30.6,18.9,67,1015,24,0,5,Lluvia,97
"May 16, 2014",5,28.3,21.1,64,1014,28.8,0,6,,87
"May 17, 2014",5,30,18.9,66,1014,25.6,0,5,Neblina,78
"May 18, 2014",5,31.1,17.8,65,1014,22.4,0.102,5,Neblina-Lluvia,64
"May 19, 2014",5,29.4,19.4,61,1014,36.8,0,4,,96
"May 20, 2014",5,30.6,17.8,59,1015,25.6,0,4,,83
"May 21, 2014",5,30.6,18.3,64,1015,27.2,0,5,Lluvia-Tronada,102
"May 22, 2014",5,30,18.9,72,1015,22.4,0.305,5,Neblina-Lluvia-Tronada,87
"May 23, 2014",5,29.4,18.9,73,1015,20.8,0.102,6,Neblina-Lluvia-Tronada,88
"May 24, 2014",5,28.9,18.9,72,1015,19.2,0,5,Neblina-Lluvia,46
"May 25, 2014",5,26.7,17.8,75,1015,19.2,0,5,Neblina-Lluvia,68
"May 26, 2014",5,29.4,18.9,68,1016,28.8,0,4,Lluvia,82
"May 27, 2014",5,31.1,19.4,67,1015,20.8,0.102,4,Neblina-Lluvia,102
"May 28, 2014",5,28.9,19.4,69,1015,20.8,0,3,Lluvia,90
"May 29, 2014",5,29.4,17.2,74,1015,19.2,0.076,6,Neblina-Lluvia-Tronada,269
"May 30, 2014",5,27.8,18.3,82,1014,25.6,0.711,6,Neblina-Lluvia-Tronada,142
"May 31, 2014",5,27.8,17.8,83,1014,27.2,0.508,6,Neblina-Lluvia-Tronada,218
"Jun 1, 2014",6,28.9,18.3,75,1013,14.4,0.051,7,Lluvia-Tronada,89
"Jun 2, 2014",6,30,19.4,81,1013,22.4,2.21,6,Neblina-Lluvia-Tronada,90
"Jun 3, 2014",6,28.9,18.9,80,1012,20.8,1.397,6,Neblina-Lluvia-Tronada,141
"Jun 4, 2014",6,28.3,18.9,86,1012,22.4,6.604,6,Neblina-Lluvia-Tronada,278
"Jun 5, 2014",6,26.7,19.4,82,1012,20.8,1.702,6,Neblina-Lluvia-Tronada,76
"Jun 6, 2014",6,28.9,17.8,80,1012,19.2,2.108,5,Lluvia-Tronada,99
"Jun 7, 2014",6,28.9,19.4,71,1014,20.8,0,6,Neblina,90
"Jun 8, 2014",6,28.9,19.4,68,1014,24,0.305,6,Lluvia,79
"Jun 9, 2014",6,28.3,18.9,74,1015,20.8,0.025,6,Neblina-Lluvia-Tronada,67
"Jun 10, 2014",6,28.3,20.6,72,1014,25.6,0,5,Neblina-Tronada,312
"Jun 11, 2014",6,28.9,20,76,1014,,0,5,Neblina,49
"Jun 12, 2014",6,30.6,20.6,74,1014,27.2,2.007,6,Neblina-Lluvia,102
"Jun 13, 2014",6,25.6,20,80,1014,40,0.203,6,Neblina-Lluvia,86
"Jun 14, 2014",6,28.9,18.9,73,1014,28.8,0,6,,85
"Jun 15, 2014",6,27.2,19.4,75,1014,19.2,0,6,Neblina-Lluvia,174
"Jun 16, 2014",6,29.4,19.4,67,1014,25.6,0.102,4,Lluvia,82
"Jun 17, 2014",6,28.9,18.9,68,1014,25.6,1.092,6,Lluvia-Tronada,82
"Jun 18, 2014",6,28.9,17.2,73,1015,22.4,0.305,4,Lluvia,112
"Jun 19, 2014",6,30.6,20.6,74,1015,22.4,0.406,5,Lluvia-Tronada,76
"Jun 20, 2014",6,30.6,20,68,1014,41.6,0.305,4,Lluvia-Tronada,92
"Jun 21, 2014",6,30.6,20,69,1014,19.2,0,4,Lluvia,85
"Jun 22, 2014",6,27.2,20.6,76,1013,27.2,0.102,5,Neblina-Lluvia,141
"Jun 23, 2014",6,27.2,18.9,78,1015,24,0.203,7,Neblina-Lluvia,100
"Jun 24, 2014",6,28.3,18.9,67,1016,28.8,0,6,Neblina-Lluvia,94
"Jun 25, 2014",6,27.8,18.3,76,1016,44.8,3.099,6,Neblina-Lluvia-Tronada,104
"Jun 26, 2014",6,25,18.3,79,1015,16,0,7,Neblina-Lluvia,86
"Jun 27, 2014",6,27.2,18.3,82,1016,20.8,0.203,6,Neblina-Lluvia,310
"Jun 28, 2014",6,28.9,19.4,65,1015,33.6,0.102,5,,85
"Jun 29, 2014",6,30.6,20.6,62,1015,28.8,0,4,,93
"Jun 30, 2014",6,28.3,21.7,68,1014,35.2,0,6,,103
"Jul 1, 2014",7,27.2,20,67,1014,35.2,0,6,Neblina-Lluvia,91
"Jul 2, 2014",7,28.3,18.9,80,1015,25.6,1.803,6,Neblina-Lluvia-Tronada,80
"Jul 3, 2014",7,28.9,17.2,70,1015,20.8,0,5,Lluvia,91
"Jul 4, 2014",7,28.9,20,55,1015,28.8,0,5,,94
"Jul 5, 2014",7,28.9,16.1,70,1015,40,0.102,4,Neblina-Lluvia,125
"Jul 6, 2014",7,26.7,16.1,69,1015,25.6,0.025,6,Lluvia,83
"Jul 7, 2014",7,29.4,19.4,61,1016,27.2,0,6,,94
"Jul 8, 2014",7,30.6,18.9,58,1015,32,0,2,,81
"Jul 9, 2014",7,28.3,21.1,63,1014,35.2,0,5,,96
"Jul 10, 2014",7,28.9,21.1,64,1013,48,0,5,,100
"Jul 11, 2014",7,25.6,20.6,70,1013,27.2,0.203,5,Lluvia,99
"Jul 12, 2014",7,25,20,68,1013,38.4,0.102,6,Lluvia,84
"Jul 13, 2014",7,29.4,17.8,73,1014,20.8,0.102,7,Neblina-Lluvia,59
"Jul 14, 2014",7,30.6,20.6,68,1015,27.2,0.051,5,Lluvia,91
"Jul 15, 2014",7,30,20.6,69,1015,38.4,0,6,Neblina-Lluvia,98
"Jul 16, 2014",7,26.7,21.1,68,1015,25.6,0,5,,89
"Jul 17, 2014",7,23.9,20,74,1016,28.8,0,6,Lluvia,96
"Jul 18, 2014",7,30.6,19.4,66,1015,24,0,5,,87
"Jul 19, 2014",7,28.9,20.6,58,1014,33.6,0,6,,89
"Jul 20, 2014",7,27.2,20,64,1015,28.8,0,6,,91
"Jul 21, 2014",7,30,20.6,65,1014,24,0.305,5,Lluvia-Tronada,82
"Jul 22, 2014",7,27.8,20.6,65,1014,28.8,0.203,4,Lluvia,99
"Jul 23, 2014",7,28.9,21.1,59,1013,51.2,0,4,,88
"Jul 24, 2014",7,31.1,21.7,59,1012,32,0,4,,88
"Jul 25, 2014",7,31.1,21.1,60,1014,35.2,0,6,Lluvia,90
"Jul 26, 2014",7,26.1,19.4,79,1015,22.4,0.102,5,Lluvia,65
"Jul 27, 2014",7,28.3,20,68,1016,28.8,0,4,Neblina-Lluvia,94
"Jul 28, 2014",7,30,18.9,67,1015,22.4,0,5,,95
"Jul 29, 2014",7,30,20,63,1015,33.6,0,4,,71
"Jul 30, 2014",7,27.2,20,64,1015,41.6,0,6,Lluvia,96
"Jul 31, 2014",7,30.6,21.1,59,1014,25.6,0,4,,89
"Aug 1, 2014",8,29.4,20.6,62,1013,33.6,0.025,5,,82
"Aug 2, 2014",8,27.8,18.9,71,1014,24,0,6,Neblina,87
"Aug 3, 2014",8,29.4,18.9,78,1016,28.8,0.102,6,Neblina-Lluvia,104
"Aug 4, 2014",8,28.9,17.8,75,1016,19.2,0,6,Lluvia-Tronada,86
"Aug 5, 2014",8,31.1,17.8,57,1016,27.2,0,4,,88
"Aug 6, 2014",8,28.9,19.4,67,1016,25.6,0,5,Neblina-Lluvia,111
"Aug 7, 2014",8,30.6,18.3,73,1015,22.4,0,6,Lluvia,63
"Aug 8, 2014",8,25,18.3,82,1016,44.8,0.991,7,Lluvia,54
"Aug 9, 2014",8,27.8,16.7,80,1016,27.2,1.6,5,Lluvia-Tronada,78
"Aug 10, 2014",8,28.3,18.3,77,1015,19.2,1.092,6,Neblina-Lluvia-Tronada,257
"Aug 11, 2014",8,27.8,18.9,82,1016,25.6,0.102,5,Neblina-Lluvia,270
"Aug 12, 2014",8,27.8,18.9,75,1016,12.8,0,6,Neblina,68
"Aug 13, 2014",8,30.6,18.9,63,1015,40,0,5,,80
"Aug 14, 2014",8,30,20.6,57,1014,28.8,0,4,,86
"Aug 15, 2014",8,28.3,20,62,1014,27.2,0,5,,93
"Aug 16, 2014",8,30,18.3,73,1015,24,0,5,Lluvia-Tronada,60
"Aug 17, 2014",8,30.6,21.1,65,1015,22.4,0.025,6,Lluvia,101
"Aug 18, 2014",8,27.2,20,76,1014,22.4,0.102,6,Neblina-Lluvia,134
"Aug 19, 2014",8,26.1,18.9,79,1014,24,0.889,6,Lluvia-Tronada,99
"Aug 20, 2014",8,27.8,18.9,75,1016,22.4,0,5,Lluvia,91
"Aug 21, 2014",8,27.2,18.9,62,1016,25.6,0,5,,101
"Aug 22, 2014",8,27.2,18.9,70,1015,24,0,6,Neblina-Lluvia,65
"Aug 23, 2014",8,30.6,18.3,77,1015,20.8,0.61,5,Lluvia-Tronada,83
"Aug 24, 2014",8,27.8,17.8,80,1014,27.2,1.6,5,Neblina-Lluvia-Tronada,34
"Aug 25, 2014",8,27.8,16.7,83,1013,19.2,3.505,6,Lluvia-Tronada,205
"Aug 26, 2014",8,28.9,17.2,80,1014,19.2,0.102,6,Neblina-Lluvia,135
"Aug 27, 2014",8,27.2,18.3,84,1016,16,0.406,7,Neblina-Lluvia,18
"Aug 28, 2014",8,26.7,17.2,87,1015,27.2,2.896,7,Neblina-Lluvia,56
"Aug 29, 2014",8,27.2,18.3,82,1015,24,0,6,Lluvia,221
"Aug 30, 2014",8,27.2,17.8,82,1015,19.2,0.305,5,Neblina-Lluvia-Tronada,259
"Aug 31, 2014",8,28.9,18.3,75,1015,19.2,0,3,,353
"Sep 1, 2014",9,30.6,20.6,65,1014,19.2,0,5,Neblina,92
"Sep 2, 2014",9,30.6,20,75,1014,28.8,1.397,6,Neblina-Lluvia-Tronada,109
"Sep 3, 2014",9,26.7,18.9,77,1014,25.6,0,6,Lluvia-Tronada,78
"Sep 4, 2014",9,27.2,16.7,76,1015,16,0,6,Neblina-Lluvia-Tronada,264
"Sep 5, 2014",9,27.8,17.8,78,1015,19.2,1.905,6,Lluvia,80
"Sep 6, 2014",9,27.8,17.8,79,1014,25.6,0.787,7,Lluvia,73
"Sep 7, 2014",9,26.7,17.8,79,1014,27.2,0.61,6,Lluvia-Tronada,241
"Sep 8, 2014",9,27.8,18.9,76,1014,27.2,1.499,6,Neblina-Lluvia-Tronada,111
"Sep 9, 2014",9,28.9,18.3,74,1015,20.8,0,5,Neblina-Lluvia,162
"Sep 10, 2014",9,28.3,17.8,80,1014,20.8,0.991,6,Neblina-Lluvia-Tronada,204
"Sep 11, 2014",9,27.2,18.9,83,1013,16,2.108,7,Neblina-Lluvia,2
"Sep 12, 2014",9,27.8,18.3,84,1013,20.8,0.889,6,Neblina-Lluvia-Tronada,348
"Sep 13, 2014",9,27.8,16.7,86,1013,28.8,2.997,6,Neblina-Lluvia-Tronada,307
"Sep 14, 2014",9,23.9,18.9,87,1016,14.4,0,6,Neblina-Lluvia,248
"Sep 15, 2014",9,27.2,18.9,85,1017,22.4,0.203,7,Neblina-Lluvia,160
"Sep 16, 2014",9,29.4,19.4,81,1016,25.6,0.61,7,Neblina-Lluvia,145
"Sep 17, 2014",9,28.9,18.9,86,1016,22.4,5.309,7,Neblina-Lluvia-Tronada,100
"Sep 18, 2014",9,26.7,18.9,79,1015,25.6,0.102,7,Lluvia-Tronada,192
"Sep 19, 2014",9,28.3,16.7,85,1015,14.4,4.293,6,Neblina-Lluvia-Tronada,171
"Sep 20, 2014",9,27.2,17.2,83,1015,20.8,0.991,5,Neblina-Lluvia-Tronada,20
"Sep 21, 2014",9,28.3,17.8,84,1016,24,1.092,7,Neblina-Lluvia-Tronada,70
"Sep 22, 2014",9,26.7,17.2,83,1015,22.4,0.787,6,Neblina-Lluvia-Tronada,280
"Sep 23, 2014",9,27.2,16.7,85,1015,28.8,0.305,6,Neblina-Lluvia-Tronada,15
"Sep 24, 2014",9,25,17.8,87,1015,16,0.203,6,Neblina-Lluvia,262
"Sep 25, 2014",9,26.1,18.9,90,1015,22.4,3.099,6,Neblina-Lluvia,296
"Sep 26, 2014",9,28.9,17.2,84,1014,27.2,1.6,6,Neblina-Lluvia-Tronada,232
"Sep 27, 2014",9,27.2,16.7,84,1013,22.4,1.803,5,Neblina-Lluvia-Tronada,207
"Sep 28, 2014",9,28.9,17.2,80,1014,22.4,0,5,Neblina-Lluvia-Tronada,47
"Sep 29, 2014",9,30,18.9,84,1013,20.8,1.092,6,Neblina-Lluvia-Tronada,224
"Sep 30, 2014",9,28.3,17.8,77,1013,19.2,0,6,Neblina-Lluvia-Tronada,71
"Oct 1, 2014",10,28.3,17.2,80,1014,22.4,0.102,5,Neblina-Lluvia-Tronada,216
"Oct 2, 2014",10,27.2,18.9,72,1014,22.4,0.051,6,Lluvia,78
"Oct 3, 2014",10,29.4,17.8,69,1015,36.8,0.203,6,Lluvia-Tronada,94
"Oct 4, 2014",10,30,18.9,66,1014,25.6,0,4,,87
"Oct 5, 2014",10,28.3,18.3,67,1013,28.8,0,5,Lluvia,89
"Oct 6, 2014",10,27.2,18.9,80,1013,14.4,1.803,7,Neblina-Lluvia,274
"Oct 7, 2014",10,27.8,17.8,83,1014,22.4,0.787,6,Neblina-Lluvia,280
"Oct 8, 2014",10,25,18.3,87,1014,19.2,0.406,7,Neblina-Lluvia,236
"Oct 9, 2014",10,26.7,18.3,86,1014,14.4,0.102,6,Neblina-Lluvia,268
"Oct 10, 2014",10,27.2,17.8,84,1014,19.2,0.102,5,Neblina-Lluvia,245
"Oct 11, 2014",10,27.2,17.2,86,1014,19.2,0.61,5,Neblina-Lluvia,213
"Oct 12, 2014",10,26.7,18.3,92,1015,19.2,3.912,5,Neblina-Lluvia-Tronada,260
"Oct 13, 2014",10,26.7,18.3,89,1014,25.6,0,6,Neblina-Lluvia-Tronada,172
"Oct 14, 2014",10,25.6,17.8,87,1015,22.4,0.508,6,Neblina-Lluvia,275
"Oct 15, 2014",10,27.8,18.9,84,1016,22.4,0.305,6,Neblina-Lluvia,249
"Oct 16, 2014",10,29.4,18.3,85,1016,20.8,0.787,7,Neblina-Lluvia-Tronada,11
"Oct 17, 2014",10,27.8,18.9,84,1016,14.4,3.099,6,Neblina-Lluvia-Tronada,193
"Oct 18, 2014",10,28.9,18.3,85,1015,33.6,2.489,7,Neblina-Lluvia-Tronada,56
"Oct 19, 2014",10,25.6,18.3,88,1015,14.4,0.508,6,Neblina-Lluvia-Tronada,239
"Oct 20, 2014",10,27.8,18.9,86,1014,14.4,4.293,6,Neblina-Lluvia-Tronada,281
"Oct 21, 2014",10,27.2,18.9,83,1014,19.2,0.203,6,Neblina,266
"Oct 22, 2014",10,26.1,18.3,87,1015,24,0.203,6,Neblina-Lluvia,248
"Oct 23, 2014",10,27.8,17.8,84,1015,24,0,4,Neblina-Lluvia-Tronada,238
"Oct 24, 2014",10,27.8,18.3,82,1015,20.8,0.508,4,Neblina-Lluvia,274
"Oct 25, 2014",10,27.8,18.3,82,1015,22.4,0.61,4,Neblina-Lluvia-Tronada,360
"Oct 26, 2014",10,25.6,17.8,82,1015,16,0.203,6,Neblina-Lluvia,67
"Oct 27, 2014",10,27.2,18.3,74,1015,22.4,0.025,6,Neblina-Lluvia,185
"Oct 28, 2014",10,27.2,18.9,82,1015,24,0.889,5,Neblina-Lluvia-Tronada,165
"Oct 29, 2014",10,28.9,18.3,84,1014,22.4,1.295,5,Lluvia-Tronada,110
"Oct 30, 2014",10,28.9,17.8,80,1013,20.8,1.295,6,Neblina-Lluvia-Tronada,88
"Oct 31, 2014",10,27.8,17.8,83,1013,24,2.388,6,Neblina-Lluvia-Tronada,305
"Nov 1, 2014",11,27.8,17.8,88,1015,19.2,3.81,6,Neblina-Lluvia,195
"Nov 2, 2014",11,26.1,18.9,77,1015,24,0,6,Lluvia,87
"Nov 3, 2014",11,25,20,73,1014,25.6,0,6,Lluvia,80
"Nov 4, 2014",11,27.8,20,69,1013,32,0,6,Neblina-Lluvia,106
"Nov 5, 2014",11,26.7,18.9,81,1014,16,0,5,Neblina-Lluvia,104
"Nov 6, 2014",11,27.8,20,72,1015,24,0,6,Lluvia,106
"Nov 7, 2014",11,27.2,17.2,69,1014,32,0,3,,82
"Nov 8, 2014",11,28.9,17.8,71,1014,20.8,0.508,5,Lluvia,99
"Nov 9, 2014",11,27.8,18.9,78,1015,20.8,0.102,6,Neblina-Lluvia,93
"Nov 10, 2014",11,27.8,17.8,66,1016,19.2,0,5,Lluvia,94
"Nov 11, 2014",11,28.3,17.2,69,1015,27.2,1.092,5,Neblina-Lluvia,116
"Nov 12, 2014",11,28.3,17.2,77,1015,24,2.108,4,Lluvia-Tronada,83
"Nov 13, 2014",11,27.2,15.6,72,1015,25.6,0,5,,145
"Nov 14, 2014",11,26.1,16.7,78,1015,22.4,0.305,6,Lluvia,75
"Nov 15, 2014",11,27.8,16.7,80,1016,19.2,0,4,Neblina,124
"Nov 16, 2014",11,27.8,17.8,80,1016,19.2,0.102,5,Neblina-Lluvia,202
"Nov 17, 2014",11,27.2,16.7,82,1015,19.2,0.025,6,Neblina-Lluvia,242
"Nov 18, 2014",11,28.9,17.8,78,1015,20.8,0,6,Neblina,25
"Nov 19, 2014",11,28.3,17.8,72,1015,22.4,0,4,Neblina,70
"Nov 20, 2014",11,27.8,15.6,79,1014,19.2,0.102,6,Neblina-Lluvia,185
"Nov 21, 2014",11,26.7,17.8,75,1015,27.2,0,5,Neblina,73
"Nov 22, 2014",11,28.9,16.7,73,1015,28.8,0,3,Neblina,130
"Nov 23, 2014",11,27.2,17.2,76,1013,19.2,0,4,,268
"Nov 24, 2014",11,27.2,16.1,81,1014,22.4,0.102,5,Neblina-Lluvia,258
"Nov 25, 2014",11,28.9,17.8,83,1014,19.2,0.102,5,Neblina-Lluvia,48
"Nov 26, 2014",11,26.7,18.9,72,1015,25.6,0,5,Lluvia,77
"Nov 27, 2014",11,28.3,19.4,66,1014,38.4,0.203,4,Lluvia,70
"Nov 28, 2014",11,26.7,19.4,64,1013,36.8,0,1,,83
"Nov 29, 2014",11,26.7,20,64,1013,,0,3,,88
"Nov 30, 2014",11,28.3,18.3,58,1013,25.6,0,1,,87
"Dec 1, 2014",12,30,20.6,66,1013,24,0,4,,98
"Dec 2, 2014",12,30,19.4,64,1011,28.8,0,3,,85
"Dec 3, 2014",12,27.2,19.4,65,1011,27.2,0,3,,79
"Dec 4, 2014",12,25.6,20,73,1013,27.2,0,6,Lluvia,80
"Dec 5, 2014",12,26.7,18.9,79,1015,14.4,0.051,6,Neblina-Lluvia,140
"Dec 6, 2014",12,26.7,20,73,1015,22.4,0,5,Lluvia,89
"Dec 7, 2014",12,26.7,20,68,1014,,0,5,,97
"Dec 8, 2014",12,26.7,18.3,66,1014,27.2,0,4,,80
"Dec 9, 2014",12,29.4,18.3,63,1015,24,0,2,,81
"Dec 10, 2014",12,26.7,16.1,62,1015,38.4,0,3,,94
"Dec 11, 2014",12,27.8,18.3,65,1015,27.2,0,3,,73
"Dec 12, 2014",12,25.6,19.4,70,1016,25.6,0,5,Lluvia,96
"Dec 13, 2014",12,26.1,17.8,73,1015,19.2,0.203,6,Lluvia,97
"Dec 14, 2014",12,25,16.7,72,1015,19.2,0,5,Lluvia,99
"Dec 15, 2014",12,24.4,16.7,67,1015,19.2,0,5,,89
"Dec 16, 2014",12,25.6,17.8,67,1017,20.8,0,4,,103
"Dec 17, 2014",12,28.3,17.2,69,1016,27.2,0,4,Lluvia,103
"Dec 18, 2014",12,28.3,17.2,69,1015,19.2,0.025,3,Lluvia,109
"Dec 19, 2014",12,28.3,17.8,63,1015,22.4,0,3,,99
"Dec 20, 2014",12,28.9,17.2,59,1015,27.2,0,1,,85
"Dec 21, 2014",12,27.8,15.6,61,1015,19.2,0,2,,87
"Dec 22, 2014",12,28.9,17.2,63,1013,28.8,0,1,,98
"Dec 23, 2014",12,28.3,17.2,69,1012,19.2,0,3,Neblina,128
"Dec 24, 2014",12,29.4,17.2,67,1013,19.2,0,4,Neblina,106
"Dec 25, 2014",12,27.8,20.6,59,1014,38.4,0,4,,86
"Dec 26, 2014",12,27.2,19.4,55,1014,36.8,0,1,,79
"Dec 27, 2014",12,28.3,19.4,61,1014,44.8,0,2,,100
"Dec 28, 2014",12,27.8,20,57,1014,25.6,0,1,,98
"Dec 29, 2014",12,29.4,19.4,59,1015,28.8,0.102,2,Lluvia,95
"Dec 30, 2014",12,28.9,19.4,62,1015,,0,3,,87
"Dec 31, 2014",12,27.8,20,58,1014,33.6,0,2,,85
